"","Date","ADM","BOOK","BUSI","CLOT","DATE","DELGADM","DELGBOOK","DELGDPI","DELGMAGS","DELGTOYS","DELPRADM","DELPRBOOK","DELPRMAGS","DELPRTOYS","DENT","DOC","DPI","FLOW","FOOD","FURN","GAS","GASO","HOUS","LEGL","LGADM","LGBOOK","LGDPI","LGMAGS","LGTOYS","LPRADM","LPRBOOK","LPRMAGS","LPRTOYS","MAGS","MASS","OPHT","PADM","PBOOK","PBUSI","PCLOT","PDENT","PDOC","PFLOW","PFOOD","PFURN","PGAS","PGASO","PHOUS","PLEGL","PMAGS","PMASS","POP","POPHT","PRELG","PTELE","PTOB","PTOYS","PTPE","RELG","TELE","TIME","TOB","TOYS","TPE"
"1",1959-01-01,12.265488,6.478151,93.771054,53.672333,1959,-0.357523953464034,-0.842056323872118,-0.816604494208426,-0.469235939261281,-1.35461807346977,0.507719075377363,-0.115506383352574,-0.212756639935376,0.433885104728554,18.949116,58.338048,1715.5,2.1825,273.007725,13.90194,23.41551,60.744761,242.60676,39.759,2.50678946493361,1.86843513014095,7.4474598622985,2.70106922401807,1.45780213425568,4.09485735163151,4.41324905905686,4.24832742396377,5.59603723317326,14.89565,10.377185,3.040297,13.681,16.864,13.975,49.136,10.286,9.457,29.368,22.259,34.371,12.519,18.576,18.563,7.693,14.3,13.327,177130,21.067,17.087,55.169,7.394,55.035,20.432,29.554619,7.586064,1,88.58882,4.296506,23.067
"2",1960-01-01,12.177936,6.738989,96.860097,54.15163,1960,-0.364687628603618,-0.802581540339976,-0.791165737549214,-0.461115611483713,-1.32361889850169,0.484292511167119,-0.12644665059597,-0.214440999375801,0.433270915166528,19.323624,59.372864,1759.7,2.40624,275.665548,13.785668,24.59221,62.825049,255.32892,39.647,2.49962578979402,1.90790991367309,7.47289861895772,2.70918955179564,1.48880130922376,4.07143078742127,4.40230879181346,4.24664306452335,5.59542304361124,15.0171,10.324132,2.894437,14.437,16.954,14.575,49.79,10.49,9.688,30.091,22.475,34.43,13.308,19.112,18.859,7.92,14.51,13.744,180760,21.577,17.295,56.039,7.64,55.903,20.767,30.057735,8.057691,2,89.880145,4.43178,23.702
"3",1961-01-01,11.887312,7.110026,102.59073,55.166787,1961,-0.388841805582839,-0.748985553383225,-0.757912233510658,-0.543598793723122,-1.26472366543915,0.449695625763186,-0.129250800227677,-0.207259096936112,0.436737427423111,20.04174,59.789632,1819.2,2.37078,279.751455,13.659932,25.94603,63.473382,267.68874,44.009,2.4754716128148,1.96150590062984,7.50615212299627,2.62670636955623,1.5476965422863,4.03683390201734,4.39950464218176,4.25382496696303,5.59888955586782,13.82815,9.904349,2.833883,15.05,17.084,14.961,50.111,10.548,9.915,30.794,22.59,34.789,13.52,18.924,19.119,8.081,14.768,14.377,183742,22.286,17.429,56.227,7.702,56.686,20.985,30.641832,8.586864,3,92.66611,4.70063,24.191
"4",1962-01-01,11.895824,7.499598,102.288834,57.658536,1962,-0.388126004238269,-0.695642034907333,-0.710148688189184,-0.428623558099146,-1.19766724522804,0.438709846303459,-0.13430163602249,-0.20383992998814,0.439345700308868,20.927334,63.8176,1908.2,2.7243,282.188265,14.549548,27.87139,66.165106,282.84663,45.788,2.47618741415937,2.01484941910573,7.55391566831775,2.7416816051802,1.61475296249741,4.02584812255761,4.39445380638694,4.25724413391101,5.60149782875358,15.51305,9.682855,3.403842,15.619,17.198,15.566,50.266,10.852,10.202,31.431,22.762,34.959,13.52,19.043,19.352,8.198,14.993,14.934,186590,22.634,17.581,56.222,7.763,57.503,21.232,31.015723,9.089766,4,92.96598,5.026646,25.389
"5",1963-01-01,11.859952,8.112601,105.938541,58.691555,1963,-0.391146072053788,-0.617072922137399,-0.673666881609995,-0.404240803480176,-1.13556666699875,0.424123542455665,-0.131837213756937,-0.171369175729596,0.44023998479106,20.690022,66.465024,1979.1,3.14208,284.755416,15.600728,29.04194,68.197955,295.95126,49.001,2.47316734634385,2.09341853187567,7.59039747489694,2.76606435979917,1.6768535407267,4.01126181870982,4.3969182286525,4.28971488816955,5.60239211323577,15.89595,9.46946,3.56473,16.165,17.441,15.727,50.763,11.145,10.434,31.968,23.021,35.103,13.52,18.997,19.585,8.367,15.668,15.281,189300,22.791,17.842,56.24,7.999,58.224,21.479,32.177025,9.822852,5,93.71016,5.3487,26.436
"6",1964-01-01,11.731664,9.518902,112.159755,63.323767,1964,-0.402021907310695,-0.45721194799597,-0.60357310555319,-0.426752692334643,-1.06135288033776,0.399055859160631,-0.17293442976582,-0.148350341785663,0.43320165929192,23.441976,76.195136,2122.8,3.31686,295.415043,17.423224,30.27809,71.93158,310.173105,49.273,2.46229151108694,2.2532795060171,7.66049125095374,2.74355247094471,1.75106732738769,3.98619413541478,4.35582101264361,4.31273372211348,5.59535378773663,15.5421,9.272263,3.802747,17.176,16.978,16.422,51.13,11.449,10.722,32.728,23.513,35.15,13.596,18.873,19.785,8.807,16.262,15.628,191927,23.045,17.974,56.319,8.188,58.642,21.786,36.49314,10.565946,6,92.327775,5.760748,28.02
"7",1965-01-01,12.19192,9.544514,119.960532,65.928642,1965,-0.363539981154667,-0.454524914841975,-0.543913269146854,-0.388577082499928,-0.989064208009752,0.423092001059607,-0.166744098460985,-0.135201058107866,0.407351091800932,24.08655,77.123392,2253.3,3.89538,311.101299,18.360836,31.45684,75.329618,327.384255,50.632,2.50077343724297,2.25596653917109,7.72015108736008,2.78172808077942,1.8233559997157,4.01023027731376,4.36201134394845,4.32588300579128,5.56950322024564,16.1469,9.117654,4.053803,18.211,17.332,16.757,51.671,11.823,11.067,33.036,23.963,35.366,13.596,19.587,19.985,9.313,16.717,15.914,194347,23.516,18.361,55.52,8.536,57.977,22.103,38.68135,11.689344,7,94.75107,6.192606,29.791
"8",1966-01-01,12.53848,10.32231,125.157456,70.37628,1966,-0.33551110266086,-0.376183881798158,-0.492617755794029,-0.256878990274436,-0.866145553681581,0.426144712512345,-0.159027229000998,-0.127458802158282,0.378988546499984,24.584658,77.097344,2371.9,4.29984,323.670705,19.36064,32.69176,80.029593,342.360975,55.479,2.52880231573678,2.33430757221491,7.7714466007129,2.91342617300491,1.94627465404387,4.0132829887665,4.36972821340844,4.33362526174086,5.54114067494469,18.4198,8.904259,4.403646,19.198,17.908,17.603,53.113,12.206,11.764,33.585,24.973,36.252,13.665,20.038,20.289,9.592,17.273,16.678,196599,24.189,18.808,54.294,8.997,57.781,22.662,40.914358,12.909069,8,94.75107,7.002552,31.484
"9",1967-01-01,12.280384,10.091128,130.73175,70.778175,1967,-0.356310225809244,-0.398834832040714,-0.449705111240182,-0.263111796431053,-0.82637163487398,0.380289266450859,-0.156545739559753,-0.119936356840407,0.370648477457811,26.411466,79.905792,2475.9,4.33944,331.383492,19.290336,34.28174,82.629953,357.87114,55.578,2.5080031925884,2.31165662197235,7.81435924526675,2.9071933668483,1.98604857285147,3.96742754270501,4.37220970284968,4.34114770705874,5.53280060590252,18.30535,8.652826,3.934463,20.326,18.408,18.094,55.377,12.818,12.563,34.432,25.035,37.602,13.664,20.7,20.694,10.091,17.845,17.869,198752,25.347,19.279,55.013,9.334,58.755,23.237,44.243194,13.942395,9,95.60358,7.286684,32.422
"10",1968-01-01,12.961344,10.427791,136.349172,73.755175,1968,-0.302342029146665,-0.366017000336751,-0.405423700886139,-0.273026755737185,-0.754018458314881,0.395677511876121,-0.144753615908324,-0.0993860529758477,0.369926725324956,27.505944,82.330624,2588,4.58802,346.361373,19.981884,35.34528,88.384128,376.00827,56.325,2.56197138925098,2.34447445367632,7.85864065562079,2.89727840754216,2.05840174941057,3.98281578813027,4.38400182650111,4.3616980109233,5.53207885376967,18.12475,8.352981,4.423757,21.99,19.359,19.079,58.504,13.515,13.26,36.059,25.81,39.538,13.808,21.005,21.219,10.479,18.932,18.978,200745,26.203,20.044,55.016,9.922,61.022,24.151,46.202245,15.155865,10,94.92377,7.83344,34.284
"11",1969-01-01,13.08112,11.228503,138.381579,75.082917,1969,-0.293143449123047,-0.292035997799371,-0.374717615068502,-0.253559280498085,-0.711856321723863,0.360177723088517,-0.127755325215348,-0.0917088904951981,0.37359547680596,29.872266,87.073728,2668.7,4.67712,356.159616,20.215104,37.05293,94.326302,396.228855,57.238,2.57116996927459,2.4184554562137,7.88934674143843,2.91674588278126,2.10056388600159,3.94731599934267,4.40100011719409,4.36937517340395,5.53574760525067,18.48105,8.273356,4.907968,23.44,20.591,20.898,61.898,14.475,14.237,37.407,26.966,41.799,14.029,21.696,21.941,11.374,19.95,20.516,202736,27.323,21.295,55.742,10.451,64.046,25.255,46.794957,16.647057,11,93.66463,8.170776,35.558
"12",1970-01-01,13.092064,13.456073,143.772579,74.148139,1970,-0.292307173289139,-0.11106092570801,-0.333246825927415,-0.212230624965234,-0.685401379972682,0.314857613763773,-0.119381951450409,-0.075114065090375,0.350208218408319,31.862844,91.468736,2781.7,4.60908,366.671901,19.714864,37.54616,100.164813,410.802975,61.046,2.5720062451085,2.59943052830506,7.93081753057951,2.95807453831412,2.12701882775277,3.90199589001792,4.40937349095902,4.38596999880877,5.51236034685303,19.26085,7.542171,5.322564,25.177,21.745,22.108,64.447,15.284,15.276,39.067,28.482,43.477,14.818,21.89,22.901,12.599,21.242,24.006,205089,28.8,22.097,56.393,11.325,65.521,26.448,49.663752,17.8893,12,95.24248,8.389818,36.381
"13",1971-01-01,13.181136,12.931027,149.012631,77.714585,1971,-0.28552670183874,-0.150861836695964,-0.288877906340258,-0.208621003864931,-0.648903637577464,0.279945326543402,-0.103009729998308,-0.0431798205504732,0.329941453577126,31.572384,93.848576,2907.9,4.71042,371.403846,20.515248,37.86719,105.01589,428.980365,62.255,2.5787867165589,2.5596296173171,7.97518645016667,2.96168415941442,2.16351657014799,3.86708360279755,4.42574571241113,4.41790424334867,5.49209358202183,19.3305,7.260708,5.083884,26.44,23.045,23.021,66.521,16.27,16.304,41.096,29.143,44.823,15.895,22.05,23.964,13.662,22.865,25.612,207692,30.525,23.24,59.16,11.804,66.94,27.574,53.638713,18.663669,13,96.003145,8.701684,37.77
"14",1972-01-01,12.92,12.194008,155.217672,82.936243,1972,-0.305536920043184,-0.2095467704673,-0.242315686818381,-0.164454256204196,-0.543146426839633,0.225922346967611,-0.0891109120117433,-0.045468484828282,0.310639201265121,33.326268,98.731392,3046.5,5.12262,378.753945,22.871108,39.44241,109.295942,453.7302,62.428,2.55877649835446,2.50094468354577,8.02174866968855,3.00585090707515,2.26927378088582,3.81306062322176,4.43964453039769,4.41561557907086,5.47279132970983,20.2034,6.996535,5.591079,27.192,24.176,24.298,67.976,16.928,16.824,42.305,30.498,45.597,16.684,22.336,24.818,14.996,23.602,26.722,209924,31.688,24.294,62.49,12.449,67.932,28.528,57.684317,19.902159,14,97.888715,9.672374,40.082
"15",1973-01-01,12.322336,12.285672,162.867501,88.74437,1973,-0.352899867876434,-0.20205774868126,-0.176946639171573,-0.08874387812094,-0.427087882967011,0.125551717045248,-0.113253972978467,-0.071555965796561,0.26655642069394,37.691202,106.034304,3252.3,5.29794,373.630977,25.011324,38.19437,114.97808,476.61801,65.806,2.51141355052121,2.50843370533181,8.08711771733536,3.08156128515841,2.38533232475844,3.7126899932994,4.41550146943097,4.38952809810259,5.42870854913865,21.7924,7.108465,5.951751,28.21,24.884,25.375,70.426,17.482,17.353,43.382,34.266,47.158,17.481,24.473,25.874,16.39,24.246,26.653,211939,32.857,25.809,64.089,12.794,68.541,30.081,58.022025,22.070142,15,103.435525,10.862672,42.048
"16",1974-01-01,13.203936,12.602789,165.050856,87.497007,1974,-0.283798451434496,-0.176573315343406,-0.184291444440408,-0.0698908541831198,-0.37392056408514,0.096268121861991,-0.192612020443728,-0.0830877146115165,0.207425229314214,38.599662,107.237248,3228.5,5.5665,366.59823,24.46106,37.66916,109.315269,501.508755,67.256,2.58051496696314,2.53391813866966,8.07977291206652,3.10041430909623,2.43849964364031,3.68340639811614,4.33614342196571,4.37799634928763,5.36957735775892,22.20715,7.70133,6.020924,30.056,25.362,28.239,75.415,18.782,18.969,46.038,39.49,51.174,19.636,33.059,26.871,17.732,26.446,26.305,213898,35.135,29.599,66.797,13.417,71.285,33.191,56.268011,23.259843,16,105.02672,11.45584,41.729
"17",1975-01-01,13.334048,11.876217,178.76556,90.476984,1975,-0.273992654388242,-0.235953625132983,-0.161599040478043,-0.132438157222769,-0.341449547653729,0.0260845171888806,-0.10132824122097,-0.0228516623374437,0.186840903332503,39.600204,110.474304,3302.6,5.3541,373.642311,23.173956,38.89219,112.57099,516.15333,65.372,2.5903207640094,2.47453782888008,8.10246531602889,3.03786700605658,2.47097066007172,3.61322279344303,4.42742720118846,4.4382324015617,5.34899303177721,20.8607,7.470645,6.209216,32.326,30.1,30.716,78.284,20.743,21.276,49.736,42.449,55.329,23.52,35.278,28.619,18.957,30.427,27.774,215981,37.964,32.305,68.954,14.374,75.648,35.955,56.612611,25.713054,17,104.77395,11.833928,42.688
"18",1976-01-01,13.19208,10.521477,190.879137,94.760887,1976,-0.284696768877347,-0.35707285731901,-0.123107622538727,-0.10651945937508,-0.259789335289681,-0.0385682422763978,-0.0324420330027282,-0.00148877218710375,0.157001770020182,41.83242,108.972992,3432.2,5.66514,392.173401,24.549616,39.37517,117.074181,531.844665,67.364,2.57961664952029,2.35341859669406,8.1409567339682,3.06378570390427,2.55263087243577,3.54857003397775,4.49631340940671,4.45959529171204,5.31915389846489,21.40845,7.242235,6.216288,33.581,34.034,31.675,80.872,22.102,23.694,52.095,43.295,57.272,27.549,36.777,30.503,20.24,32.807,30.987,218086,40.3,34.108,71.407,14.983,77.494,37.948,61.051059,27.750933,18,111.977895,12.840842,45.041
"19",1977-01-01,14.384368,10.964295,201.596445,99.893235,1977,-0.198171357013437,-0.315847369695894,-0.0885449061113714,-0.0794081750460265,-0.18769524033981,-0.01490330797224,-0.00616561989175146,0.00261150382485376,0.107727064837094,43.267416,114.537792,3552.9,5.2893,398.599779,27.433432,38.06481,120.661975,545.049945,69.532,2.6661420613842,2.39464408431717,8.17551945039556,3.09089698823332,2.62472496738564,3.57223496828191,4.52258982251768,4.463695567724,5.2698791932818,21.9968,7.396844,6.239714,34.904,37.207,33.311,84.199,23.735,25.881,54.358,45.852,59.442,32.708,38.907,33.069,21.647,35.079,31.977,220289,42.647,36.415,72.218,15.704,78.554,40.41,63.799244,29.840103,19,108.06467,13.800778,46.95
"20",1978-01-01,15.98128,12.277584,211.197816,109.839392,1978,-0.0928953811421982,-0.202716293321458,-0.0429080419252266,0.0219330086332792,-0.100632599438425,0.0224989574552894,0.0144379894897924,-0.000953550263002256,0.077136237260488,44.63505,116.70688,3718.8,6.23394,397.392708,28.812472,39.37722,123.443306,571.561155,74.58,2.77141803725544,2.50777516069161,8.2211563145817,3.19223817191263,2.71178760828703,3.60963723370944,4.54319343189923,4.46013051363614,5.2392883657052,24.34285,7.804069,6.457841,36.961,40.649,37.37,85.867,25.384,28.003,57.126,50.123,62.602,35.671,40.597,35.407,23.151,37.409,32.67,222629,44.955,38.949,73.012,16.572,81.538,43.248,68.261814,32.677371,20,110.255605,15.056166,49.012
"21",1979-01-01,16.146048,13.044933,212.885199,115.573094,1979,-0.0826381045566968,-0.142091671505023,-0.0183649773459482,0.131929710273422,-0.0409482338170308,-0.0516949100297972,0.00692693005510314,-0.0187366024108,0.0381302972107438,44.614038,121.577856,3811.2,6.73272,403.507401,30.339556,38.75648,121.786455,594.70059,72.623,2.78167531384094,2.56839978250804,8.24569937916098,3.30223487355277,2.77147197390842,3.53544336622435,4.53568237246454,4.44234746148835,5.20028242565545,27.1733,8.126027,6.769451,39.671,43.9,40.358,87.554,27.515,30.602,61.745,54.952,66.778,41.375,54.406,38.219,25.123,39.988,34.53,225106,47.385,42.748,72.732,17.532,85.329,47.059,70.825638,35.34075,21,109.36934,15.982142,50.204
"22",1980-01-01,15.922912,13.392043,213.397344,118.329796,1980,-0.096554340135369,-0.115830729398939,-0.00623792656242728,0.132032747289561,-0.049877023370883,-0.166951606708953,-0.000367351243575342,-0.0210408957661326,0.0124987280053839,44.57016,128.23904,3857.7,6.73866,408.13734,28.643472,38.60724,114.834006,613.008825,72.052,2.76775907826227,2.59466072461413,8.2578264299445,3.30233791056891,2.76254318435457,3.4201866695452,4.52838809116586,4.44004316813301,5.17465085645009,27.1761,7.348796,6.646354,41.717,48.229,44.625,90.707,30.792,33.839,69.21,59.627,72.369,49.473,75.509,41.791,28.467,44.151,39.885,227726,51.7,48.393,74.011,18.868,92.04,52.078,71.828424,37.247274,22,110.495815,15.840076,50.065
"23",1981-01-01,16.382864,13.778582,212.146632,125.554975,1981,-0.06807750788189,-0.0873760964800256,0.0199349477415964,0.117777643485866,-0.0188823343266842,-0.223859061974182,0.0139427270277048,-0.0103760778118351,-0.0129718788031177,47.773254,136.489152,3960,6.96924,407.576307,28.188524,37.1419,116.575193,629.02224,75.007,2.79623591051575,2.62311535753304,8.28399930424853,3.28808280676522,2.79353787339877,3.36327921427997,4.54269816943714,4.45070798608731,5.14918024964159,26.79145,6.745648,6.54381,43.442,53.285,48.207,93.33,33.73,37.539,76.188,63.88,77.072,56.384,84.018,46.062,32.281,48.602,49.316,230008,55.187,52.666,81.183,20.348,97.723,56.72,74.349173,38.050416,23,112.13725,16.338722,50.779
"24",1982-01-01,17.366608,13.545041,226.955709,127.507887,1982,-0.00976413643113583,-0.104470951533376,0.0411477508012084,0.0893689758287306,0.0102388113451539,-0.21941060493806,0.0674874612938083,0.0239887279159783,-0.0258359417565792,47.776344,136.841984,4044.9,7.11774,415.328763,26.172016,38.02053,118.028232,631.65927,73.432,2.8545492819665,2.60602050247969,8.30521210730814,3.25967413910808,2.8226590190706,3.36772767131609,4.59624290370324,4.48507279181512,5.13631618668813,26.04105,6.937021,6.718179,45.816,59.327,50.697,94.486,36.341,41.064,79.706,65.61,80.32,67.323,79.768,49.897,36.586,53.085,55.418,232218,57.637,55.213,89.539,22.585,101.813,59.859,77.807234,39.25638,24,107.54971,16.82152,51.493
"25",1983-01-01,17.842064,14.160066,259.770726,136.953908,1983,0.0172453971293303,-0.0600657047414059,0.0734517783402602,0.0771853289549078,0.0711325759434582,-0.234551306835257,0.0960647323480117,0.046465311477677,-0.0574635181650658,48.637218,143.273472,4177.7,7.41726,426.617427,28.952404,36.90328,120.663732,644.914875,70.875,2.88155881552697,2.65042574927166,8.33751613484719,3.24749049223426,2.88355278366891,3.35258696941889,4.62482017475745,4.50754937537682,5.10468861027964,25.7257,6.886607,7.39024,48.699,63.675,55.297,95.542,38.776,44.28,80.483,66.36,82.319,78.867,77.16,52.877,41.654,56.629,57.482,234333,59.766,57.022,94.986,26.954,102.89,62.436,80.939648,40.688775,25,102.02802,17.877676,54.436
"26",1984-01-01,18.780208,15.372592,262.762731,148.579093,1984,0.0684901309334967,0.0220947295274745,0.146456347882186,0.124521933820656,0.174080889321885,-0.220392980822302,0.079081144671389,0.0373270588048475,-0.0901374766801961,49.118022,149.617344,4494.1,8.0487,435.899973,32.419608,36.98692,124.453581,672.68421,73.619,2.93280354933114,2.73258618354054,8.41052070438912,3.29482709710001,2.98650109704734,3.36674529543185,4.60783658708082,4.49841112270399,5.07201465176451,26.97275,6.722443,8.55712,51.634,64.968,57.786,95.923,41.923,47.357,80.652,68.292,83.962,79.385,76.005,55.681,45.512,58.234,61.343,236394,61.613,59.053,102.001,28.68,103.345,64.795,87.697254,40.976505,26,101.906345,19.816226,57.325
"27",1985-01-01,17.919584,15.214539,290.715066,155.500618,1985,0.0215807745939749,0.0117600298298495,0.179525350864672,0.0831401901183111,0.223780557874158,-0.299810836267743,0.116261002273698,0.0576775817081234,-0.127087582839793,50.61111,157.313344,4645.2,8.36424,449.806791,34.049444,37.47564,126.899325,699.185355,79.127,2.88589419299161,2.72225148384292,8.4435897073716,3.25344535339766,3.03620076559961,3.28732743998641,4.64501644468313,4.51876164560727,5.03506454560492,25.87935,6.728085,9.669192,54.191,69.657,61.065,97.837,44.573,50.109,83.194,69.032,86.198,78.875,76.619,59.03,48.495,61.395,63.093,238506,63.892,60.312,104.836,30.325,102.887,66.936,92.290772,43.868817,27,101.54917,20.82597,60.303
"28",1986-01-01,18.699648,15.70083,299.211282,167.953409,1986,0.0641912817563246,0.0432221231858638,0.210430080376192,0.0803909823384839,0.282646682168402,-0.281303927664867,0.136564848773173,0.0729231124455829,-0.145850080612832,51.45159,162.215104,4791,9.17676,458.431965,36.833888,35.42605,133.064638,717.644565,82.525,2.92850470015396,2.75371357719893,8.47449443688312,3.25069614561783,3.09506688989385,3.30583434858928,4.66532029118261,4.53400717634473,5.01630204783188,25.8083,6.665113,10.905908,56.237,72.82,66.276,97.114,47.047,53.751,83.621,70.612,88.123,75.057,60.175,62.481,51.707,63.859,68.166,240683,65.928,62.053,108.089,32.356,103.438,68.569,99.815113,45.58644,28,99.33076,22.088716,62.749
"29",1987-01-01,18.429088,17.514564,309.141504,173.97588,1987,0.0496168675236097,0.152541309377648,0.227708457562397,0.115069759539057,0.363843771794726,-0.329970923758801,0.123198045313853,0.067754085168608,-0.157563049860368,53.25615,175.911616,4874.5,10.5093,456.539187,38.4475,35.68763,136.627834,739.908345,86.469,2.91393028592125,2.86303276339071,8.49177281406933,3.28537492281841,3.17626397952018,3.25716735249535,4.65195348772329,4.52883814906775,5.00458907858434,26.719,6.559826,12.01135,58.858,74.345,69.097,100.218,50.239,57.708,87.206,72.753,89.657,71.659,62.488,65.371,55.816,65.733,69.963,242843,69.718,64.339,105.487,34.594,105.779,70.947,103.657403,49.193073,29,99.807255,23.957082,64.84
"30",1988-01-01,19.514672,18.551513,311.540499,179.194561,1988,0.10685317450978,0.210059895056587,0.269513864158631,0.170152694132006,0.410463654220289,-0.311550286890653,0.115593737699188,0.0638592291493705,-0.153838013082898,52.97805,186.392384,5082.6,10.91736,469.006587,39.199888,38.23332,140.22617,763.077975,93.508,2.97116659290742,2.92055134906965,8.53357822066556,3.34045785741136,3.22288386194574,3.2755879893635,4.64434918010862,4.52494329304852,5.00831411536181,28.23205,7.015099,14.116375,61.559,76.702,71.952,103.529,53.61,61.84,89.257,74.912,91.696,71.214,63.017,68.345,57.982,68.069,71.431,245061,73.224,67.821,104.23,37.673,110.376,73.755,109.775776,52.169202,30,92.177055,25.100402,67.468
"31",1989-01-01,20.496288,18.937715,323.061066,189.435441,1989,0.155930378180265,0.230663982327389,0.297107442081517,0.174432971833141,0.48173442931,-0.305166013046468,0.108742624417873,0.0582126460547476,-0.165445255614946,53.283342,188.478592,5224.8,11.53656,475.296957,43.290364,39.73064,143.221855,782.83557,96.013,3.0202437965779,2.94115543634046,8.56117179858845,3.34473813511249,3.29415463703545,3.28197226320768,4.63749806682731,4.51929670995389,4.99670687282976,28.35315,7.093905,15.011867,65.893,79.501,73.128,105.003,56.893,66.375,91.342,78.839,91.362,73.164,68.837,71.2,61.33,70.638,73.306,247387,75.599,70.8,104.116,42.431,113.861,76.972,114.4072,55.760823,31,90.94853,26.954618,69.369
"32",1990-01-01,21.675504,19.262246,330.010065,188.1464,1990,0.211869356593784,0.247655560303529,0.315953388042542,0.204395938495421,0.529601243926049,-0.294017654670022,0.118510988631234,0.0591077362020451,-0.1928144541195,53.471214,194.7088,5324.2,11.50686,485.678901,41.792348,36.6909,141.87775,802.210695,97.477,3.07618277499142,2.9581470143166,8.58001774454947,3.37470110177477,3.3420214516515,3.29312062158413,4.64726643104067,4.52019180010119,4.96933767432521,29.21555,7.484932,17.32861,69.887,83.959,76.016,108.469,60.606,71.15,95.249,82.693,91.921,73.23,78.385,74.54,65.732,73.94,77.905,250181,78.787,73.126,103.766,46.738,115.862,80.498,121.240618,58.340385,32,87.65624,28.276228,70.782
"33",1991-01-01,21.646016,18.970067,349.01334,188.744777,1991,0.210508000641632,0.232370861820081,0.321105189918402,0.168477662255977,0.574286218700159,-0.331022772390771,0.116179825695702,0.0786737171862564,-0.217940795405133,52.350162,198.019264,5351.7,11.14164,484.908189,41.001428,38.1013,140.317534,820.0962,94.219,3.07482141903927,2.94286231583315,8.58516954642533,3.33878282553533,3.38670642642561,3.25611550386338,4.64493526810514,4.5397577810854,4.94421133303958,28.1848,7.589855,15.323035,73.756,86.803,80.129,110.545,65.075,75.342,99.179,85.283,91.954,74.148,77.338,76.96,69.325,78.137,80.852,253530,81.797,75.689,104.561,52.118,117.087,83.419,122.774088,60.982497,33,81.32757,29.568406,70.903
"34",1992-01-01,22.282592,19.308078,358.900434,199.217863,1992,0.239492327417201,0.250032103553279,0.355017330073755,0.125961240090225,0.616178829202306,-0.330461032110433,0.11201057751658,0.0885056178466037,-0.234967005224545,54.216522,204.27552,5536.3,11.7045,483.939132,41.352272,39.15787,145.994401,832.7781,96.465,3.10380574581484,2.96052355756635,8.61908168658069,3.29626640336957,3.42859903692776,3.25667724414372,4.64076601992601,4.54958968174575,4.92718512322016,27.0116,7.582211,15.25563,74.562,88.934,85.443,111.357,69.388,80.075,102.341,85.898,94.213,75.518,77.04,79.073,72.827,81.184,85.358,256922,85.158,77.877,104.661,56.521,118.429,85.824,131.351182,67.538988,34,84.892255,30.833416,73.224
"35",1993-01-01,24.548,20.6918,381.003534,207.374843,1993,0.336316966129211,0.319246032510255,0.365421269207928,0.159985015732624,0.672635362626917,-0.256444763429103,0.114570894604008,0.0966838831943617,-0.253150398075856,54.213432,198.32,5594.2,12.61962,488.909091,43.806828,40.60312,149.703428,841.806405,95.465,3.20063038452685,3.02973748652332,8.62948562571486,3.33029017901197,3.48505557035237,3.33069351282505,4.64332633701344,4.55776794709351,4.90900173036885,27.94645,7.631078,15.313974,75.343,91.219,86.609,110.837,72.963,84.534,99.875,87.059,95.797,80.148,76.257,81.244,75.716,83.739,87.491,260282,87.338,79.795,105.173,58.547,118.978,87.804,133.437735,71.133111,35,83.13778,32.62424,75.672
"36",1994-01-01,25.236864,22.742108,382.631616,218.490961,1994,0.363992364329422,0.413726730100886,0.392264494253661,0.21921260985717,0.742952824880753,-0.249620124553517,0.11276605498499,0.105042072563224,-0.266381785849181,55.252908,196.47296,5746.4,13.34592,503.39961,46.3905,40.51415,151.695866,869.364375,94.266,3.22830578272706,3.12421818411395,8.65632885076059,3.38951777313652,3.5553730326062,3.33751815170063,4.64152149739442,4.56612613646237,4.89577034259553,29.65165,8.025654,16.335215,77.91,92.973,87.846,108.967,76.386,88.769,100.118,88.535,98.457,81.641,76.614,83.529,78.045,86.221,88.518,263455,89.024,81.91,107.45,56.193,119.888,89.654,140.715687,75.549141,36,84.177905,35.000874,78.504
"37",1995-01-01,26.159808,24.580443,386.960589,227.374329,1995,0.399910768714883,0.491459672745164,0.419608908705907,0.25557182275849,0.810283011596361,-0.234924051601765,0.108490299156763,0.119925979611566,-0.299764030800648,56.663802,200.096,5905.7,13.56066,507.145497,48.740276,40.44609,154.501795,887.582025,92.096,3.26422418711252,3.20195112675823,8.68367326521284,3.42587698603784,3.62270321932181,3.35221422465239,4.6372457415662,4.58101004351071,4.86238809764406,30.7496,7.875777,16.337867,80.653,94.562,90.335,106.306,80.067,92.26,103.164,90.43,99.564,77.34,77.826,86.124,80.524,89.391,90.885,266588,91.616,84.503,107.011,57.582,118.439,91.577,142.44041,79.477281,37,85.40643,37.438636,80.623
"38",1996-01-01,27.76584,25.660528,402.33033,238.683952,1996,0.459493069755092,0.534462481735913,0.448843633814258,0.284006354032293,0.852670013128106,-0.196625585906611,0.123295718221903,0.138716132818875,-0.3156167998032,57.0414,204.888832,6080.9,15.00876,513.243189,51.760644,43.86549,157.933216,901.149645,94.909,3.32380648815273,3.24495393574898,8.71290799032119,3.45431151731164,3.66509022085356,3.39051269034754,4.65205116063134,4.59980019671802,4.84653532864151,31.6365,7.752381,17.91647,84.653,98.037,93.465,104.831,83.762,92.906,99.863,93.167,100.921,80.489,82.596,88.79,83.347,93.046,99.444,269714,93.071,87.028,107.272,59.334,119.084,93.547,149.923399,86.51916,38,86.61376,39.05966,83.382
"39",1997-01-01,28.715536,27.284868,426.347235,245.956763,1997,0.493124881946742,0.595840808790447,0.48357366688499,0.329424474447052,0.901756846668602,-0.179711093564697,0.118240397251778,0.131869759090119,-0.341893962113176,58.088292,210.522304,6295.8,16.27038,518.332155,56.01336,42.83721,162.814162,922.51764,97.045,3.35743830034438,3.30633226280351,8.74763802339192,3.4997296377264,3.71417705439405,3.40742718268945,4.64699583966121,4.59295382298926,4.82025816633153,33.1065,7.77504,19.690658,87.006,99.187,96.852,104.926,87.64,94.153,96.694,95.021,100.815,86.081,82.579,91.343,86.735,93.969,100.962,272958,94.498,89.839,107.517,62.095,117.951,95.124,149.430621,96.425829,39,86.672635,41.024812,86.533
"40",1998-01-01,29.521136,28.286432,453.9222,263.086421,1998,0.520793062979028,0.631890801041622,0.540395821224756,0.336440716370847,1.0062284709252,-0.160980607427869,0.136552615824262,0.144565283773512,-0.396886293061174,59.209962,218.701376,6663.9,16.74306,528.44775,59.24126,38.72245,170.325337,948.88794,99.226,3.38510648137667,3.34238225505469,8.80446017773169,3.5067458796502,3.81864867865065,3.42615766882628,4.6653080582337,4.60564934767266,4.76526583538354,33.3396,8.302567,20.749027,88.852,101.927,98.267,102.957,91.364,96.162,97.99,96.314,100.618,84.472,71.874,94.285,90.687,96.024,99.866,276154,96.245,92.514,106.118,69.897,112.642,95.978,157.785448,103.979367,40,84.26347,45.542624,90.896
"41",1999-01-01,30.192368,31.486584,495.314298,282.66615,1999,0.543275758813521,0.739070096333422,0.569587850632493,0.356653711701288,1.13152831163447,-0.155000226121578,0.102142920847263,0.15058303440261,-0.475240211844008,59.999766,224.543232,6861.3,17.92602,548.797947,63.228308,39.38296,176.316707,978.59982,100.543,3.40758917721116,3.44956155034649,8.83365220713942,3.52695887498064,3.94394851935992,3.43213805013257,4.6308983632567,4.61166709830176,4.6869119166007,34.02035,8.740186,21.421972,94.163,100.118,99.247,101.288,95.647,98.296,95.767,97.833,100.363,84.897,78.207,96.92,95.052,98.211,98.604,279328,97.189,95.303,103.542,90.075,105.886,97.575,162.105009,114.376428,41,79.50009,51.62203,95.537
"42",2000-01-01,30.4,33.7,539.1,297.7,2000,0.550129190014536,0.80700638334525,0.616938267748639,0.385042898210064,1.22358877748369,-0.172695667841976,0.076414743578658,0.144086122088946,-0.556981942456617,61.8,236.8,7194,18,566.7,67.6,41,175.7,1006.5,100,3.41444260841218,3.51749783735832,8.88100262425557,3.55534806148941,4.03600898520914,3.41444260841218,4.60517018598809,4.60517018598809,4.60517018598809,35,9.1,22.1,100,100,100,100,100,100,100,100,100,100,100,100,100,100,100,282425,100,100,100,100,100,100,172.3,125.1,42,78.5,56.6,100
"43",2001-01-01,30.862688,34.244592,532.873395,303.734379,2001,0.565234527790139,0.823037200417777,0.636116541700536,0.363032435437846,1.28251784501297,-0.178314101606348,0.0671550081469201,0.142684470263006,-0.619945379604469,64.155198,249.636928,7333.3,17.48124,578.651703,68.351036,40.87372,178.302117,1033.77615,101.077,3.42954794618778,3.53352865443084,8.90018089820747,3.5333375987172,4.09493805273843,3.4088241746478,4.59591045055635,4.60376853416215,4.54220674884024,34.23805,8.986068,20.099066,104.435,101.153,100.683,98.011,104.085,102.844,103.373,102.859,98.326,119.145,96.289,103.867,105.327,101.951,102.993,285358,103.175,102.893,97.979,107.666,95.864,102.094,181.244093,131.053509,43,78.01801,60.03562,102.537
"44",2002-01-01,31.952528,35.440268,531.272268,316.684329,2002,0.599937882926468,0.857357233771971,0.666495972913326,0.353861780726489,1.36232410611472,-0.157752062256124,0.0824228494621577,0.146796163915952,-0.690022310070378,66.332412,270.59136,7559.5,17.41374,589.827027,70.909696,40.23002,180.744347,1062.028605,100.116,3.46425130132411,3.56784868778504,8.93056032942026,3.52416694400584,4.17474431384017,3.42938621399803,4.61117829187159,4.6078802278151,4.47212981837433,33.9255,8.559915,20.82704,108.232,104.172,103.925,95.396,108.741,102.835,103.608,104.371,96.309,101.63,90.405,107.797,111.466,103.829,105.283,288240,103.835,105.943,98.153,116.833,90.649,103.548,191.518342,130.706982,44,76.239985,65.023212,105.698
"45",2003-01-01,31.702032,37.325109,547.321275,330.190978,2003,0.59206736137759,0.909174809702632,0.689291255486271,0.37102510644186,1.43826457837902,-0.184402523374536,0.0557208168227294,0.147501726474943,-0.76349846768111,66.201396,285.60448,7733.8,18.2817,609.225168,73.138468,41.09102,182.002359,1076.099475,103.375,3.45638077977523,3.6196662637157,8.9533556119932,3.54133026972121,4.25068478610448,3.40273575287962,4.58447625923216,4.60858579037409,4.3986536607636,34.5128,7.843836,21.492692,112.372,103.35,105.555,93.045,113.181,104.401,103.014,106.218,95.025,124.664,105.154,110.437,117.103,105.872,112.734,291085,104.127,108.994,97.243,118.758,85.824,105.511,193.765134,133.480449,45,74.123625,70.153436,109.143
